experiment,operation,map,key,parameter,ns_per_op,load,capacity,bytes_per_element
E1,Insert,V1,int,1024,3.708429884889384,,,
E1,Insert,V1,int,4096,4.132606630839571,,,
E1,Insert,V1,int,16384,4.2132600626843235,,,
E1,Insert,V1,int,65536,8.910729615739523,,,
E1,Insert,V1,int,262144,14.462801205214639,,,
E1,Insert,V1,int,1048576,17.646427154541012,,,
E1,Insert,V1,int,4194304,25.55445830027263,,,
E1,Insert,V2,int,1024,4.083769817538014,,,
E1,Insert,V2,int,4096,4.320914611792984,,,
E1,Insert,V2,int,16384,6.2617361859884815,,,
E1,Insert,V2,int,65536,9.298159830593978,,,
E1,Insert,V2,int,262144,12.392526865005486,,,
E1,Insert,V2,int,1048576,21.054877004315777,,,
E1,Insert,V2,int,4194304,26.768146242414208,,,
E1,Insert,V3,int,1024,5.80645994676754,,,
E1,Insert,V3,int,4096,6.041158385781031,,,
E1,Insert,V3,int,16384,6.521228166587429,,,
E1,Insert,V3,int,65536,7.728490289652115,,,
E1,Insert,V3,int,262144,10.41380812079359,,,
E1,Insert,V3,int,1048576,13.622409419009559,,,
E1,Insert,V3,int,4194304,35.33670902252197,,,
E1,Insert,Std,int,1024,31.599272268099632,,,
E1,Insert,Std,int,4096,34.64425524825557,,,
E1,Insert,Std,int,16384,39.98785691034233,,,
E1,Insert,Std,int,65536,50.79206986860796,,,
E1,Insert,Std,int,262144,81.42677075935133,,,
E1,Insert,Std,int,1048576,165.87486267089847,,,
E1,Insert,Std,int,4194304,217.71950721740725,,,
E1,Insert,Boost,int,1024,4.565287398853529,,,
E1,Insert,Boost,int,4096,4.645089346529495,,,
E1,Insert,Boost,int,16384,4.957927018577042,,,
E1,Insert,Boost,int,65536,11.9390126326673,,,
E1,Insert,Boost,int,262144,12.882063123914936,,,
E1,Insert,Boost,int,1048576,17.27380250629626,,,
E1,Insert,Boost,int,4194304,28.483366966247566,,,
E1,Insert,V1,string,1024,46.33920905062586,,,
E1,Insert,V1,string,4096,51.05694626452008,,,
E1,Insert,V1,string,16384,60.85815429687509,,,
E1,Insert,V1,string,65536,79.02473570808529,,,
E1,Insert,V1,string,262144,147.96873728434244,,,
E1,Insert,V1,string,1048576,174.61631298065186,,,
E1,Insert,V2,string,1024,33.875997734458394,,,
E1,Insert,V2,string,4096,37.60059925621414,,,
E1,Insert,V2,string,16384,46.18236808690746,,,
E1,Insert,V2,string,65536,60.76920607994343,,,
E1,Insert,V2,string,262144,102.62165069580078,,,
E1,Insert,V2,string,1048576,126.56131744384766,,,
E1,Insert,V3,string,1024,35.23156474820382,,,
E1,Insert,V3,string,4096,37.89819114040663,,,
E1,Insert,V3,string,16384,46.245193042469836,,,
E1,Insert,V3,string,65536,75.90651512145996,,,
E1,Insert,V3,string,262144,110.70671081542967,,,
E1,Insert,V3,string,1048576,139.2377281188965,,,
E1,Insert,Std,string,1024,66.21456578012554,,,
E1,Insert,Std,string,4096,69.93123529097129,,,
E1,Insert,Std,string,16384,80.26903515257183,,,
E1,Insert,Std,string,65536,104.02574359246017,,,
E1,Insert,Std,string,262144,176.65822347005212,,,
E1,Insert,Std,string,1048576,264.1202926635742,,,
E1,Insert,Boost,string,1024,35.06007118207625,,,
E1,Insert,Boost,string,4096,40.09566211991267,,,
E1,Insert,Boost,string,16384,78.46799517990259,,,
E1,Insert,Boost,string,65536,100.09396747478004,,,
E1,Insert,Boost,string,262144,129.6251751127697,,,
E1,Insert,Boost,string,1048576,170.13247013092044,,,
E1,LookupHit,V1,int,1024,1.7636666270961723,0.5,,
E1,LookupHit,V1,int,4096,1.7777520672366736,0.5,,
E1,LookupHit,V1,int,16384,3.494326668274449,0.5,,
E1,LookupHit,V1,int,65536,6.119570411351545,0.5,,
E1,LookupHit,V1,int,262144,6.787677143909398,0.5,,
E1,LookupHit,V1,int,1048576,11.319750831239269,0.5,,
E1,LookupHit,V1,int,4194304,16.050591468766417,0.5,,
E1,LookupHit,V2,int,1024,2.061645030281429,0.5,,
E1,LookupHit,V2,int,4096,2.069351401006981,0.5,,
E1,LookupHit,V2,int,16384,3.9787118916544735,0.5,,
E1,LookupHit,V2,int,65536,6.142518041327284,0.5,,
E1,LookupHit,V2,int,262144,9.363607240535773,0.5,,
E1,LookupHit,V2,int,1048576,11.40449206038276,0.5,,
E1,LookupHit,V2,int,4194304,17.797366778136364,0.5,,
E1,LookupHit,V3,int,1024,2.6237111371624318,0.5,,
E1,LookupHit,V3,int,4096,2.6809091782247303,0.5,,
E1,LookupHit,V3,int,16384,3.0235226248618,0.5,,
E1,LookupHit,V3,int,65536,4.470151580291956,0.5,,
E1,LookupHit,V3,int,262144,11.197893009685837,0.5,,
E1,LookupHit,V3,int,1048576,20.266241185841718,0.5,,
E1,LookupHit,V3,int,4194304,27.957352002460492,0.5,,
E1,LookupHit,Std,int,1024,3.2164045853519654,0.99321049451828,,
E1,LookupHit,Std,int,4096,3.626170055545383,0.9418256878852844,,
E1,LookupHit,Std,int,16384,9.561671134319843,0.9983547329902649,,
E1,LookupHit,Std,int,65536,14.180496598843648,0.9736877083778381,,
E1,LookupHit,Std,int,262144,19.85194528698217,0.9454773664474487,,
E1,LookupHit,Std,int,1048576,43.910846710358086,0.9926660656929016,,
E1,LookupHit,Std,int,4194304,51.87276999173846,0.9629444479942322,,
E1,LookupHit,Boost,int,1024,2.7320825686444676,0.5336112380027771,,
E1,LookupHit,Boost,int,4096,2.8357226867435004,0.5334028005599976,,
E1,LookupHit,Boost,int,16384,3.0439426002175445,0.5333507061004639,,
E1,LookupHit,Boost,int,65536,3.947955101211224,0.5333376526832581,,
E1,LookupHit,Boost,int,262144,4.505032895986851,0.5333344340324402,,
E1,LookupHit,Boost,int,1048576,12.1070037453528,0.5333335995674133,,
E1,LookupHit,Boost,int,4194304,19.834357500056292,0.533333420753479,,
E1,LookupHit,V1,string,1024,13.783549958525391,0.5,,
E1,LookupHit,V1,string,4096,18.702248262432732,0.5,,
E1,LookupHit,V1,string,16384,24.153071910372283,0.5,,
E1,LookupHit,V1,string,65536,29.36582565310486,0.5,,
E1,LookupHit,V1,string,262144,76.18847438257376,0.5,,
E1,LookupHit,V1,string,1048576,107.49001503005765,0.5,,
E1,LookupHit,V2,string,1024,10.659717041311444,0.5,,
E1,LookupHit,V2,string,4096,14.32301025197199,0.5,,
E1,LookupHit,V2,string,16384,17.55637790846126,0.5,,
E1,LookupHit,V2,string,65536,23.464066354923837,0.5,,
E1,LookupHit,V2,string,262144,60.784808072024035,0.5,,
E1,LookupHit,V2,string,1048576,82.32297897320036,0.5,,
E1,LookupHit,V3,string,1024,10.294507007933191,0.5,,
E1,LookupHit,V3,string,4096,14.148664813648221,0.5,,
E1,LookupHit,V3,string,16384,17.9232214848797,0.5,,
E1,LookupHit,V3,string,65536,24.270150600310977,0.5,,
E1,LookupHit,V3,string,262144,72.23044501403209,0.5,,
E1,LookupHit,V3,string,1048576,101.55935287440536,0.5,,
E1,LookupHit,Std,string,1024,15.100888554189588,0.99321049451828,,
E1,LookupHit,Std,string,4096,21.36288762878804,0.9418256878852844,,
E1,LookupHit,Std,string,16384,31.218525269542962,0.9983547329902649,,
E1,LookupHit,Std,string,65536,43.54424612868739,0.9736877083778381,,
E1,LookupHit,Std,string,262144,118.98264451470907,0.9454773664474487,,
E1,LookupHit,Std,string,1048576,159.32445526171264,0.9926660656929016,,
E1,LookupHit,Boost,string,1024,9.915778223919363,0.5336112380027771,,
E1,LookupHit,Boost,string,4096,13.26144813723281,0.5334028005599976,,
E1,LookupHit,Boost,string,16384,17.27479475805317,0.5333507061004639,,
E1,LookupHit,Boost,string,65536,21.62068782527389,0.5333376526832581,,
E1,LookupHit,Boost,string,262144,69.92381811152941,0.5333344340324402,,
E1,LookupHit,Boost,string,1048576,98.29210553813361,0.5333335995674133,,
E1,LookupMiss,V1,int,1024,2.46654580051054,0.5,,
E1,LookupMiss,V1,int,4096,2.5518286888621717,0.5,,
E1,LookupMiss,V1,int,16384,10.60641286879417,0.5,,
E1,LookupMiss,V1,int,65536,13.040900669220818,0.5,,
E1,LookupMiss,V1,int,262144,14.026769822621736,0.5,,
E1,LookupMiss,V1,int,1048576,21.612684188356212,0.5,,
E1,LookupMiss,V1,int,4194304,31.57687664019637,0.5,,
E1,LookupMiss,V2,int,1024,2.541164632617427,0.5,,
E1,LookupMiss,V2,int,4096,2.6153586285479076,0.5,,
E1,LookupMiss,V2,int,16384,9.891129526683828,0.5,,
E1,LookupMiss,V2,int,65536,11.23173736799756,0.5,,
E1,LookupMiss,V2,int,262144,12.68033890494944,0.5,,
E1,LookupMiss,V2,int,1048576,14.324432611421965,0.5,,
E1,LookupMiss,V2,int,4194304,24.417768205824142,0.5,,
E1,LookupMiss,V3,int,1024,2.405345601874673,0.5,,
E1,LookupMiss,V3,int,4096,2.6976693787818005,0.5,,
E1,LookupMiss,V3,int,16384,2.829429336911704,0.5,,
E1,LookupMiss,V3,int,65536,3.110247053857375,0.5,,
E1,LookupMiss,V3,int,262144,3.899894103172986,0.5,,
E1,LookupMiss,V3,int,1048576,5.376428212845125,0.5,,
E1,LookupMiss,V3,int,4194304,14.671820402192028,0.5,,
E1,LookupMiss,Std,int,1024,3.8253939494625038,0.99321049451828,,
E1,LookupMiss,Std,int,4096,4.040339508137274,0.9418256878852844,,
E1,LookupMiss,Std,int,16384,15.35921725294443,0.9983547329902649,,
E1,LookupMiss,Std,int,65536,19.383824712305984,0.9736877083778381,,
E1,LookupMiss,Std,int,262144,23.464429176503536,0.9454773664474487,,
E1,LookupMiss,Std,int,1048576,54.176425933800076,0.9926660656929016,,
E1,LookupMiss,Std,int,4194304,63.96516164138,0.9629444479942322,,
E1,LookupMiss,Boost,int,1024,2.2596221557445104,0.5336112380027771,,
E1,LookupMiss,Boost,int,4096,2.1874791851075384,0.5334028005599976,,
E1,LookupMiss,Boost,int,16384,2.357895537453047,0.5333507061004639,,
E1,LookupMiss,Boost,int,65536,2.516697392322834,0.5333376526832581,,
E1,LookupMiss,Boost,int,262144,3.135943412785153,0.5333344340324402,,
E1,LookupMiss,Boost,int,1048576,4.3090384939512285,0.5333335995674133,,
E1,LookupMiss,Boost,int,4194304,8.842677228571752,0.533333420753479,,
E1,LookupMiss,V1,string,1024,21.502553170397338,0.5,,
E1,LookupMiss,V1,string,4096,27.154318038844135,0.5,,
E1,LookupMiss,V1,string,16384,31.972379881441192,0.5,,
E1,LookupMiss,V1,string,65536,50.48841363200711,0.5,,
E1,LookupMiss,V1,string,262144,91.70007705701961,0.5,,
E1,LookupMiss,V1,string,1048576,118.48244667033808,0.5,,
E1,LookupMiss,V2,string,1024,6.0352727330612685,0.5,,
E1,LookupMiss,V2,string,4096,6.0356876262949495,0.5,,
E1,LookupMiss,V2,string,16384,16.14809620143494,0.5,,
E1,LookupMiss,V2,string,65536,17.78467045580956,0.5,,
E1,LookupMiss,V2,string,262144,23.12849613655673,0.5,,
E1,LookupMiss,V2,string,1048576,34.815078311394174,0.5,,
E1,LookupMiss,V3,string,1024,6.445799189786521,0.5,,
E1,LookupMiss,V3,string,4096,6.837563807260858,0.5,,
E1,LookupMiss,V3,string,16384,8.047496410753462,0.5,,
E1,LookupMiss,V3,string,65536,8.932276765308172,0.5,,
E1,LookupMiss,V3,string,262144,18.838185277412137,0.5,,
E1,LookupMiss,V3,string,1048576,33.918706994228984,0.5,,
E1,LookupMiss,Std,string,1024,8.875720204094875,0.99321049451828,,
E1,LookupMiss,Std,string,4096,11.121297365240853,0.9418256878852844,,
E1,LookupMiss,Std,string,16384,27.346656809096537,0.9983547329902649,,
E1,LookupMiss,Std,string,65536,32.91221664348297,0.9736877083778381,,
E1,LookupMiss,Std,string,262144,76.72061375204756,0.9454773664474487,,
E1,LookupMiss,Std,string,1048576,123.6180305480561,0.9926660656929016,,
E1,LookupMiss,Boost,string,1024,5.7704260670035845,0.5336112380027771,,
E1,LookupMiss,Boost,string,4096,5.902248847349001,0.5334028005599976,,
E1,LookupMiss,Boost,string,16384,6.834936187719888,0.5333507061004639,,
E1,LookupMiss,Boost,string,65536,7.4122065620582145,0.5333376526832581,,
E1,LookupMiss,Boost,string,262144,13.667708899522191,0.5333344340324402,,
E1,LookupMiss,Boost,string,1048576,18.963103824189144,0.5333335995674133,,
E2,LookupHit,V1,int,0.5,10.580656263559703,0.5,,
E2,LookupHit,V1,int,0.625,12.546481177930358,0.625,,
E2,LookupHit,V1,int,0.75,14.557690090583728,0.75,,
E2,LookupHit,V1,int,0.875,16.629026374076258,0.875,,
E2,LookupHit,V1,int,0.9375,18.835042317686593,0.9375,,
E2,LookupHit,V2,int,0.5,8.68315340867072,0.5,,
E2,LookupHit,V2,int,0.625,12.655305862453725,0.625,,
E2,LookupHit,V2,int,0.75,13.030098580068493,0.75,,
E2,LookupHit,V2,int,0.875,16.51751749532764,0.875,,
E2,LookupHit,V2,int,0.9375,21.016316731771127,0.9375,,
E2,LookupHit,V3,int,0.5,13.282476925713462,0.5,,
E2,LookupHit,V3,int,0.625,12.739513595676476,0.625,,
E2,LookupHit,V3,int,0.75,12.407223171639892,0.75,,
E2,LookupHit,V3,int,0.875,8.124935319845187,0.875,,
E2,LookupHit,V3,int,0.9375,12.68483479817983,0.9375,,
E2,LookupHit,Boost,int,0.5,5.167921631922418,0.4999994933605194,,
E2,LookupHit,Boost,int,0.625,5.3248755125676,0.6249996423721313,,
E2,LookupHit,Boost,int,0.75,5.716932588754312,0.7499997615814209,,
E2,LookupHit,Boost,int,0.875,6.875586349720698,0.8749998807907104,,
E2,LookupMiss,V1,int,0.5,16.54013497484619,0.5,,
E2,LookupMiss,V1,int,0.625,21.219446355681303,0.625,,
E2,LookupMiss,V1,int,0.75,32.637262344382044,0.75,,
E2,LookupMiss,V1,int,0.875,47.40012032643472,0.875,,
E2,LookupMiss,V1,int,0.9375,81.16849546112869,0.9375,,
E2,LookupMiss,V2,int,0.5,13.349294180866858,0.5,,
E2,LookupMiss,V2,int,0.625,16.94314241407202,0.625,,
E2,LookupMiss,V2,int,0.75,20.57891614512194,0.75,,
E2,LookupMiss,V2,int,0.875,35.0027109120836,0.875,,
E2,LookupMiss,V2,int,0.9375,89.31844075507108,0.9375,,
E2,LookupMiss,V3,int,0.5,4.475191170138189,0.5,,
E2,LookupMiss,V3,int,0.625,5.077021066025208,0.625,,
E2,LookupMiss,V3,int,0.75,8.646418253599464,0.75,,
E2,LookupMiss,V3,int,0.875,17.92754631534128,0.875,,
E2,LookupMiss,V3,int,0.9375,33.419078039807566,0.9375,,
E2,LookupMiss,Boost,int,0.5,3.7089956687416747,0.4999994933605194,,
E2,LookupMiss,Boost,int,0.625,3.7819692264285436,0.6249996423721313,,
E2,LookupMiss,Boost,int,0.75,4.399688688976384,0.7499997615814209,,
E2,LookupMiss,Boost,int,0.875,6.940826818274891,0.8749998807907104,,
E3,Churn,V1,int,65536,62.71057129136892,,262144.0,
E3,Churn,V1,int,262144,52.478027340319144,,524288.0,
E3,Churn,V1,int,1048576,43.41735839949457,,1048576.0,
E3,Churn,V2,int,65536,97.18780519252235,,262144.0,
E3,Churn,V2,int,262144,78.40423583982403,,524288.0,
E3,Churn,V2,int,1048576,57.53898620758369,,1048576.0,
E3,Churn,V3,int,65536,42.643737763192746,,262144.0,
E3,Churn,V3,int,262144,35.19515991146083,,524288.0,
E3,Churn,V3,int,1048576,39.26401138595881,,1048576.0,
E3,Churn,Std,int,65536,184.44366456371594,,67307.0,
E3,Churn,Std,int,262144,177.82707215086012,,67307.0,
E3,Churn,Std,int,1048576,174.65515136927402,,67307.0,
E3,Churn,Boost,int,65536,22.552490264171613,,122879.0,
E3,Churn,Boost,int,262144,22.20993042256758,,122879.0,
E3,Churn,Boost,int,1048576,23.477172851615883,,122879.0,
E4,Iterate,V1,int,1024,1.2757403558933254,0.5,,
E4,Iterate,V1,int,4096,1.3146466013898241,0.5,,
E4,Iterate,V1,int,16384,4.229656345585529,0.5,,
E4,Iterate,V1,int,65536,4.815380309822352,0.5,,
E4,Iterate,V1,int,262144,5.039585801875178,0.5,,
E4,Iterate,V1,int,1048576,5.04062031253422,0.5,,
E4,Iterate,V2,int,1024,1.253113918180437,0.5,,
E4,Iterate,V2,int,4096,1.3164346956064181,0.5,,
E4,Iterate,V2,int,16384,3.5511227058500183,0.5,,
E4,Iterate,V2,int,65536,4.910446775109453,0.5,,
E4,Iterate,V2,int,262144,5.041173251433296,0.5,,
E4,Iterate,V2,int,1048576,5.131645350497797,0.5,,
E4,Iterate,V3,int,1024,3.585289040335069,0.5,,
E4,Iterate,V3,int,4096,3.6181152600486164,0.5,,
E4,Iterate,V3,int,16384,3.5981105937143623,0.5,,
E4,Iterate,V3,int,65536,3.5929305235861504,0.5,,
E4,Iterate,V3,int,262144,3.607533602103023,0.5,,
E4,Iterate,V3,int,1048576,3.612950299240634,0.5,,
E4,Iterate,Std,int,1024,1.1264156092581672,0.99321049451828,,
E4,Iterate,Std,int,4096,1.8549778912648032,0.9418256878852844,,
E4,Iterate,Std,int,16384,2.947584249211544,0.9983547329902649,,
E4,Iterate,Std,int,65536,5.768346447958943,0.9736877083778381,,
E4,Iterate,Std,int,262144,7.360855551311542,0.9454773664474487,,
E4,Iterate,Std,int,1048576,32.229479876419944,0.9926660656929016,,
E4,Iterate,Boost,int,1024,1.174378513476636,0.5336112380027771,,
E4,Iterate,Boost,int,4096,1.388212331707995,0.5334028005599976,,
E4,Iterate,Boost,int,16384,1.683303965658648,0.5333507061004639,,
E4,Iterate,Boost,int,65536,1.8347747881436685,0.5333376526832581,,
E4,Iterate,Boost,int,262144,1.8652129591527662,0.5333344340324402,,
E4,Iterate,Boost,int,1048576,1.8920318173689792,0.5333335995674133,,
E5,Memory,V1,int,1024,,0.5,,16.0
E5,Memory,V1,int,4096,,0.5,,16.0
E5,Memory,V1,int,16384,,0.5,,16.0
E5,Memory,V1,int,65536,,0.5,,16.0
E5,Memory,V1,int,262144,,0.5,,16.0
E5,Memory,V1,int,1048576,,0.5,,16.0
E5,Memory,V2,int,1024,,0.5,,18.0
E5,Memory,V2,int,4096,,0.5,,18.0
E5,Memory,V2,int,16384,,0.5,,18.0
E5,Memory,V2,int,65536,,0.5,,18.0
E5,Memory,V2,int,262144,,0.5,,18.0
E5,Memory,V2,int,1048576,,0.5,,18.0
E5,Memory,V3,int,1024,,0.5,,18.015625
E5,Memory,V3,int,4096,,0.5,,18.00390625
E5,Memory,V3,int,16384,,0.5,,18.0009765625
E5,Memory,V3,int,65536,,0.5,,18.000244140625
E5,Memory,V3,int,262144,,0.5,,18.00006103515625
E5,Memory,V3,int,1048576,,0.5,,18.000015258789062
E5,Memory,Std,int,1024,,0.99321049451828,,32.0546875
E5,Memory,Std,int,4096,,0.9418256878852844,,32.494140625
E5,Memory,Std,int,16384,,0.9983547329902649,,32.01318359375
E5,Memory,Std,int,65536,,0.9736877083778381,,32.2161865234375
E5,Memory,Std,int,262144,,0.9454773664474487,,32.461334228515625
E5,Memory,Std,int,1048576,,0.9926660656929016,,32.059104919433594
E5,Memory,Boost,int,1024,,0.5336112380027771,,17.0078125
E5,Memory,Boost,int,4096,,0.5334028005599976,,17.001953125
E5,Memory,Boost,int,16384,,0.5333507061004639,,17.00048828125
E5,Memory,Boost,int,65536,,0.5333376526832581,,17.0001220703125
E5,Memory,Boost,int,262144,,0.5333344340324402,,17.000030517578125
E5,Memory,Boost,int,1048576,,0.5333335995674133,,17.00000762939453
E5,Memory,V1,string,1024,,0.5,,97.0
E5,Memory,V1,string,4096,,0.5,,97.0
E5,Memory,V1,string,16384,,0.5,,97.0
E5,Memory,V1,string,65536,,0.5,,97.0
E5,Memory,V1,string,262144,,0.5,,97.0
E5,Memory,V1,string,1048576,,0.5,,97.0
E5,Memory,V2,string,1024,,0.5,,99.0
E5,Memory,V2,string,4096,,0.5,,99.0
E5,Memory,V2,string,16384,,0.5,,99.0
E5,Memory,V2,string,65536,,0.5,,99.0
E5,Memory,V2,string,262144,,0.5,,99.0
E5,Memory,V2,string,1048576,,0.5,,99.0
E5,Memory,V3,string,1024,,0.5,,99.015625
E5,Memory,V3,string,4096,,0.5,,99.00390625
E5,Memory,V3,string,16384,,0.5,,99.0009765625
E5,Memory,V3,string,65536,,0.5,,99.000244140625
E5,Memory,V3,string,262144,,0.5,,99.00006103515625
E5,Memory,V3,string,1048576,,0.5,,99.00001525878906
E5,Memory,Std,string,1024,,0.99321049451828,,81.0546875
E5,Memory,Std,string,4096,,0.9418256878852844,,81.494140625
E5,Memory,Std,string,16384,,0.9983547329902649,,81.01318359375
E5,Memory,Std,string,65536,,0.9736877083778381,,81.2161865234375
E5,Memory,Std,string,262144,,0.9454773664474487,,81.46133422851562
E5,Memory,Std,string,1048576,,0.9926660656929016,,81.0591049194336
E5,Memory,Boost,string,1024,,0.5336112380027771,,93.9921875
E5,Memory,Boost,string,4096,,0.5334028005599976,,94.001953125
E5,Memory,Boost,string,16384,,0.5333507061004639,,93.99951171875
E5,Memory,Boost,string,65536,,0.5333376526832581,,94.0001220703125
E5,Memory,Boost,string,262144,,0.5333344340324402,,93.99996948242188
E5,Memory,Boost,string,1048576,,0.5333335995674133,,94.00000762939453
